{"cameraMode":{"drawMode":0,"name":"Shaded","section":"Shading Mode"},"sceneLighting":false,"audioPlay":false,"sceneViewState":{"showFog":true,"showMaterialUpdate":false,"showSkybox":true,"showFlares":true,"showImageEffects":true,"showParticleSystems":true},"in2DMode":false,"pivot":{"x":1.4911580085754395,"y":1.6022484302520753,"z":-0.22170448303222657},"rotation":{"x":0.11691678315401077,"y":0.22439531981945039,"z":-0.02711782231926918,"w":0.9670910239219666},"size":10.187312126159668,"orthographic":false}